"PoloChau","GrayAnalytics"
"PoloChau","hashtagAmreeta"
"PoloChau","mjpetrey"
"PoloChau","westy37"
"PoloChau","heycori"
"PoloChau","profnaren"
"PoloChau","ShrutiS1404"
"PoloChau","jusoneoftoomany"
"PoloChau","AstroAhura"
"PoloChau","irishowley"
"PoloChau","GTUbicomp"
"PoloChau","sana_ajani"
"PoloChau","ICatGT"
"PoloChau","MatthewGombolay"
"PoloChau","Sidd691"
"PoloChau","vrama91"
"PoloChau","alexandre_palo"
"PoloChau","AlexRTerry"
"PoloChau","GromitC"
"PoloChau","scc_gt"
"GrayAnalytics","byuhawaii"
"GrayAnalytics","GeorgiaTech"
"GrayAnalytics","PoloChau"
"GrayAnalytics","brainpicker"
"GrayAnalytics","ozy"
"GrayAnalytics","UN"
"GrayAnalytics","DHSgov"
"GrayAnalytics","NSAGov"
"GrayAnalytics","DeptofDefense"
"GrayAnalytics","Google"
"GrayAnalytics","StateDept"
"GrayAnalytics","FBI"
"GrayAnalytics","CIA"
"GrayAnalytics","steam_games"
"GrayAnalytics","amazon"
"GrayAnalytics","NASA"
"GrayAnalytics","SpaceX"
"GrayAnalytics","joeddata"
"GrayAnalytics","bentaylordata"
"GrayAnalytics","elonmusk"
"hashtagAmreeta","TheProperTom"
"hashtagAmreeta","BloombergNEF"
"hashtagAmreeta","eamonncarey"
"hashtagAmreeta","ATLairport"
"hashtagAmreeta","chachovaladez"
"hashtagAmreeta","Carbon"
"hashtagAmreeta","keshav_swarup"
"hashtagAmreeta","www_Daut_Con"
"hashtagAmreeta","roughdraftvc"
"hashtagAmreeta","nova_road"
"hashtagAmreeta","rmichael"
"hashtagAmreeta","mbanzi"
"hashtagAmreeta","christianramsey"
"hashtagAmreeta","brian_armstrong"
"hashtagAmreeta","vanderlin"
"hashtagAmreeta","kernism"
"hashtagAmreeta","rcklr"
"hashtagAmreeta","ben_fry"
"hashtagAmreeta","TylerKDope"
"hashtagAmreeta","Dr_ApurvGhosh"
"mjpetrey","datapointier"
"mjpetrey","gdequeiroz"
"mjpetrey","LucyStats"
"mjpetrey","sharon000"
"mjpetrey","WinVectorLLC"
"mjpetrey","Big_DataT"
"mjpetrey","SecretFlying"
"mjpetrey","PhotoGhibli"
"mjpetrey","_ColinFay"
"mjpetrey","hugobowne"
"mjpetrey","jtrnyc"
"mjpetrey","ClintSmithIII"
"mjpetrey","FiveThirtyEight"
"mjpetrey","dabeaz"
"mjpetrey","untappdpipeline"
"mjpetrey","jschwabish"
"mjpetrey","ma_salmon"
"mjpetrey","d4tagirl"
"mjpetrey","data_nerd"
"mjpetrey","sarah_guido"
"westy37","PoloChau"
"westy37","themostdank"
"westy37","Pwrliftingwatch"
"westy37","cj_wentz"
"westy37","robertherjavec"
"westy37","BG_WAIWEIGHT"
"westy37","HistoryInPics"
"westy37","allisonbanko"
"westy37","FacesPics"
"westy37","GTPaulJohnson"
"westy37","FitMenCook"
"westy37","Rep_Ink"
"westy37","lance_austin14"
"westy37","aimeedc"
"westy37","Faux_Gruden"
"westy37","pakalupapito"
"westy37","danieltosh"
"westy37","DomMazzetti"
"westy37","BroScienceLife"
"westy37","BradleyMartyn"
"heycori","SciPitt"
"heycori","mjenkins"
"heycori","laurelhighlands"
"heycori","7SpringsPA"
"heycori","GroundhogClub"
"heycori","jsilverinpgh"
"heycori","web"
"heycori","cottonbureau"
"heycori","skwrlz"
"heycori","ICatGT"
"heycori","DavosDeville"
"heycori","jessica_colnago"
"heycori","fbOpenSource"
"heycori","mikamckinnon"
"heycori","PlanetDr"
"heycori","dkaushik96"
"heycori","davidayersvoice"
"heycori","josephseering"
"heycori","BrightenGodfrey"
"heycori","bustamantefe"
"profnaren","JoshConstine"
"profnaren","raju"
"profnaren","everywhereist"
"profnaren","sameer_"
"profnaren","seanmdav"
"profnaren","japrovo"
"profnaren","dannydanr"
"profnaren","DrLukeOR"
"profnaren","PatrickRuffini"
"profnaren","jayrosen_nyu"
"profnaren","3Blue1Brown"
"profnaren","umairh"
"profnaren","DrKevinFu"
"profnaren","NatashaBertrand"
"profnaren","drewharwell"
"profnaren","chucktodd"
"profnaren","sahilkapur"
"profnaren","rupasubramanya"
"profnaren","tomwsanchez"
"profnaren","JSEllenberg"
"ShrutiS1404","PoloChau"
"ShrutiS1404","naveen2894"
"ShrutiS1404","jackkybhagnani"
"ShrutiS1404","edsheeran"
"ShrutiS1404","selenagomez"
"ShrutiS1404","taylorswift13"
"ShrutiS1404","TheEllenShow"
"ShrutiS1404","abishmathew"
"ShrutiS1404","kalyanrath"
"ShrutiS1404","mokshabindra"
"ShrutiS1404","ankitban"
"ShrutiS1404","narendramodi"
"ShrutiS1404","FoodFood"
"ShrutiS1404","rockyandmayur"
"ShrutiS1404","KananGill"
"ShrutiS1404","AllIndiaBakchod"
"ShrutiS1404","chintskap"
"ShrutiS1404","sonakshisinha"
"ShrutiS1404","RanveerOfficial"
"ShrutiS1404","FarOutAkhtar"
"jusoneoftoomany","abojchevski"
"jusoneoftoomany","HansMusgrave"
"jusoneoftoomany","nicholdav"
"jusoneoftoomany","adilson_motter"
"jusoneoftoomany","LenovoServers"
"jusoneoftoomany","NicolaSehnaoui"
"jusoneoftoomany","ClaudaTanios"
"jusoneoftoomany","josephabillamah"
"jusoneoftoomany","msassine"
"jusoneoftoomany","rami_najem1"
"jusoneoftoomany","Marc_Ayoub"
"jusoneoftoomany","antounsouaid"
"jusoneoftoomany","Tlik_T"
"jusoneoftoomany","tinaeliassi"
"jusoneoftoomany","andyfang_dz"
"jusoneoftoomany","rocarvaj"
"jusoneoftoomany","xwj06"
"jusoneoftoomany","Tsourolampis"
"jusoneoftoomany","fairbanksjp"
"jusoneoftoomany","isye_phd"
"AstroAhura","staceyabrams"
"AstroAhura","npr247"
"AstroAhura","JeremyBlaizot"
"AstroAhura","RichVuduc"
"AstroAhura","spacetelelive"
"AstroAhura","kainoeske"
"AstroAhura","deltacarina"
"AstroAhura","chaaosbook"
"AstroAhura","FrancieCashman"
"AstroAhura","dfrctionspikes"
"AstroAhura","j_tharindu"
"AstroAhura","si2urssi"
"AstroAhura","KarelleSiellez"
"AstroAhura","CosmoCa3sar"
"AstroAhura","whereisyvette"
"AstroAhura","10outof10ley"
"AstroAhura","scgQuasar"
"AstroAhura","beanykelly"
"AstroAhura","sciencejedi"
"AstroAhura","PoloChau"
"irishowley","skairam"
"irishowley","EricaSnow_ASU"
"irishowley","VickiLongley"
"irishowley","davidalso"
"irishowley","rmgulotta"
"irishowley","MASS_MoCA"
"irishowley","CRAWomen"
"irishowley","turadg"
"irishowley","GregDyke"
"irishowley","choux"
"irishowley","rbrbrbr"
"irishowley","tom7"
"irishowley","brentheeringa"
"irishowley","adafruit"
"irishowley","PoloChau"
"irishowley","bigdata4people"
"irishowley","ianli"
"irishowley","dalbersszafir"
"irishowley","andyjko"
"irishowley","brttaylor"
"sana_ajani","ChooseSPUN"
"sana_ajani","ianmcall"
"sana_ajani","mrtz"
"sana_ajani","nilofer"
"sana_ajani","thelist"
"sana_ajani","paulocoelho"
"sana_ajani","krithikaltheory"
"sana_ajani","Backstage_Cap"
"sana_ajani","builtbygirls"
"sana_ajani","ellie"
"sana_ajani","tgr"
"sana_ajani","AspectVC"
"sana_ajani","kamalravikant"
"sana_ajani","thegentlewoman"
"sana_ajani","kcrw"
"sana_ajani","MarketplaceTech"
"sana_ajani","mollywood"
"sana_ajani","callyrgf"
"sana_ajani","aminatou"
"sana_ajani","danshipper"
"ICatGT","CSEdWeek"
"ICatGT","CSforAllTchrs"
"ICatGT","csteachersorg"
"ICatGT","WomenWhoTech"
"ICatGT","GTaerospace"
"ICatGT","gtHCI"
"ICatGT","deshrajdry"
"ICatGT","mmadaio"
"ICatGT","ale_patron"
"ICatGT","katieirenec"
"ICatGT","greyesgt"
"ICatGT","GaTechOTT"
"ICatGT","ElixirAtlanta"
"ICatGT","vrama91"
"ICatGT","gpbnews"
"ICatGT","isbellHFh"
"ICatGT","joesbigidea"
"ICatGT","OSTtalk"
"ICatGT","CelesteHeadlee"
"ICatGT","AndrewYNg"
"MatthewGombolay","mikamckinnon"
"MatthewGombolay","angusforbes"
"MatthewGombolay","richardkelley"
"MatthewGombolay","SingularMattrix"
"MatthewGombolay","SpaceflightNow"
"MatthewGombolay","wilthomason"
"MatthewGombolay","likeavass"
"MatthewGombolay","aarshavi21"
"MatthewGombolay","catPPinto"
"MatthewGombolay","goodfellow_ian"
"MatthewGombolay","EMSpeck"
"MatthewGombolay","mikestrattonNET"
"MatthewGombolay","bjcolangelo"
"MatthewGombolay","GeorgiaTech"
"MatthewGombolay","deviparikh"
"MatthewGombolay","DhruvBatraDB"
"MatthewGombolay","GTRI"
"MatthewGombolay","Prof_DavidBader"
"MatthewGombolay","asbruckman"
"MatthewGombolay","fortnow"
"Sidd691","sundeepnarang"
"Sidd691","PartnershipAI"
"Sidd691","Miles_Brundage"
"Sidd691","geoffreyirving"
"Sidd691","h2oai"
"Sidd691","goodfellow_ian"
"Sidd691","USCGHyderabad"
"Sidd691","jimeng"
"Sidd691","WhatsApp"
"Sidd691","GTComputingER"
"Sidd691","GTLibrary"
"Sidd691","NipsConference"
"Sidd691","LisaSansouci"
"Sidd691","DalrympleWill"
"Sidd691","hemalshah_7"
"Sidd691","MaryKayCarlson"
"Sidd691","MohanCRaja"
"Sidd691","JeffDean"
"Sidd691","vmistweet"
"Sidd691","ICatGT"
"vrama91","gspandana"
"vrama91","techsquareatl"
"vrama91","chelseabfinn"
"vrama91","SuryaGanguli"
"vrama91","ermonste"
"vrama91","asbruckman"
"vrama91","xamat"
"vrama91","percyliang"
"vrama91","alirahimi0"
"vrama91","JCornebise"
"vrama91","cjmaddison"
"vrama91","KLdivergence"
"vrama91","balajiln"
"vrama91","pfau"
"vrama91","omerlevy_"
"vrama91","SussilloDavid"
"vrama91","scyrusk"
"vrama91","panderson_me"
"vrama91","fhuszar"
"vrama91","DBahdanau"
"alexandre_palo","sseraphini"
"alexandre_palo","gbillois"
"alexandre_palo","b_belhaddad"
"alexandre_palo","YaelBRAUNPIVET"
"alexandre_palo","Prof_DavidBader"
"alexandre_palo","Minishlink"
"alexandre_palo","AuroreMa27"
"alexandre_palo","thatmuellerkid"
"alexandre_palo","ken_wheeler"
"alexandre_palo","nodejs"
"alexandre_palo","intelligibabble"
"alexandre_palo","sebastienlorber"
"alexandre_palo","PoloChau"
"alexandre_palo","v8js"
"alexandre_palo","GerardAraud"
"alexandre_palo","FranceAtlanta"
"alexandre_palo","Google"
"alexandre_palo","googledevs"
"alexandre_palo","sfmnemonic"
"alexandre_palo","cowcotland"
"AlexRTerry","PoloChau"
"AlexRTerry","Azure"
"AlexRTerry","timbersarmy"
"AlexRTerry","TimbersFC"
"AlexRTerry","MountRainierNPS"
"AlexRTerry","WTA_hikers"
"AlexRTerry","WAStatePks"
"AlexRTerry","americanalpine"
"AlexRTerry","MountaineersOrg"
"AlexRTerry","SuburbanMtnr"
"AlexRTerry","larryellison"
"AlexRTerry","JeffBezos"
"AlexRTerry","lyft"
"AlexRTerry","Uber"
"AlexRTerry","Airbnb"
"AlexRTerry","jgebbia"
"AlexRTerry","jeffweiner"
"AlexRTerry","drewhouston"
"AlexRTerry","bchesky"
"AlexRTerry","satyanadella"
"GromitC","Prof_DavidBader"
"GromitC","fungc_io"
"GromitC","infobeautyaward"
"GromitC","zcliu"
"GromitC","JianJZhao"
"GromitC","mia_mifeng"
"GromitC","hmason"
"GromitC","PoloChau"
"GromitC","SoVeryBritish"
"GromitC","bilalalsallakh"
"GromitC","harishd10"
"GromitC","jfreirenet"
"GromitC","lilianchoywl"
"GromitC","oatsandsugar"
"GromitC","NYPDnews"
"GromitC","brkdncr94"
"GromitC","BBGVisualData"
"GromitC","WTFViz"
"GromitC","HKUSTAlumni"
"GromitC","googleresearch"
"scc_gt","Prof_DavidBader"
"scc_gt","gtcomputing"
"scc_gt","PoloChau"
"scc_gt","PoloDataClub"
"scc_gt","petroseskinder"
"scc_gt","andyfang_dz"
"PoloChau","GrayAnalytics"
"novedadamazon","GrayAnalytics"
"cammipham","GrayAnalytics"
"NoozKrazy","GrayAnalytics"
"aivillage_dc","GrayAnalytics"
"timbotunited","GrayAnalytics"
"johniepopp","GrayAnalytics"
"NishchalDua","hashtagAmreeta"
"flapiello","hashtagAmreeta"
"dchellew_ias","hashtagAmreeta"
"VResh_Live","hashtagAmreeta"
"jamestweetz","hashtagAmreeta"
"friendship_ngo","hashtagAmreeta"
"SUGRE_1","hashtagAmreeta"
"Sizzlebaconflip","hashtagAmreeta"
"HerrinMusic","hashtagAmreeta"
"lornyelle","hashtagAmreeta"
"PoloChau","hashtagAmreeta"
"RealJoelCesare","hashtagAmreeta"
"projectwayfindr","hashtagAmreeta"
"arosic","hashtagAmreeta"
"MedSymptoms","hashtagAmreeta"
"FlashpointGT","hashtagAmreeta"
"Gleb_Tsipursky","hashtagAmreeta"
"ColonizedLocal","hashtagAmreeta"
"nikhilrsethi","hashtagAmreeta"
"nova_road","hashtagAmreeta"
"monkmanmh","mjpetrey"
"machinelearnbot","mjpetrey"
"threadsbynomad","mjpetrey"
"JeannineJoncas","mjpetrey"
"alex_joncas","mjpetrey"
"butik35039811","mjpetrey"
"NDomarad","mjpetrey"
"PoloChau","mjpetrey"
"generativist","mjpetrey"
"JesusAnthonyJa5","mjpetrey"
"Ruben_Wolff","mjpetrey"
"findusedmobiles","mjpetrey"
"davidmeza1","mjpetrey"
"sconvers","mjpetrey"
"qmdlogistics","mjpetrey"
"jithu_r_jacob","mjpetrey"
"whosaust","mjpetrey"
"abhinavr8","mjpetrey"
"SamiSaydjari","mjpetrey"
"Walid44848345","mjpetrey"
"PoloChau","westy37"
"stevenvgallo","westy37"
"mary_shumaker","westy37"
"Rep_Ink","westy37"
"meldanielle92","westy37"
"donnamschmidt58","westy37"
"toopixshaker","westy37"
"obyeziashi","westy37"
"jasharris","westy37"
"Andir766","westy37"
"allisonbanko","westy37"
"gtLYMcrew","westy37"
"hdbest1","westy37"
"aimeedc","westy37"
"HndArmrChalkUSA","westy37"
"Trandrew25","westy37"
"IESCareers","westy37"
"susanrwest","westy37"
"ChaddsFordPenn","westy37"
"GTStudents","westy37"
"Angelos1939","heycori"
"MeredWilliams","heycori"
"GoSlope","heycori"
"Startup_Canada","heycori"
"IZTHISON87","heycori"
"adamgentry","heycori"
"SamuraiDigSec","heycori"
"JPSSelection","heycori"
"RoseSmi5h","heycori"
"UXBusinesssoln","heycori"
"isaacdreyer","heycori"
"DrEricGrabowsky","heycori"
"radiusplus","heycori"
"footballrs","heycori"
"SearchLock","heycori"
"berty38","heycori"
"web","heycori"
"brand_armstrong","heycori"
"TitanHQ","heycori"
"LiZhang51301994","heycori"
"me2ski","profnaren"
"juanblanco76","profnaren"
"bobbymarhamat","profnaren"
"japrovo","profnaren"
"rubicon_info","profnaren"
"ethan_lby","profnaren"
"SwapnaThorve","profnaren"
"ffmagicbean","profnaren"
"TAPolicy","profnaren"
"DalithSteiger","profnaren"
"eksdyne","profnaren"
"peeratham","profnaren"
"VolunteerSci","profnaren"
"sriniv_venkat","profnaren"
"tomwsanchez","profnaren"
"sanketloke94","profnaren"
"dtchimp","profnaren"
"sujayry1","profnaren"
"salmanyam","profnaren"
"rohan_joseph93","profnaren"
"PoloChau","ShrutiS1404"
"AbhayjeetSingh8","ShrutiS1404"
"greenersoul","ShrutiS1404"
"naveen2894","ShrutiS1404"
"chris10_0","ShrutiS1404"
"nayagaonkar71","ShrutiS1404"
"rao_shwetha","ShrutiS1404"
"reshmann8","ShrutiS1404"
"mokshabindra","ShrutiS1404"
"deepakrajtomar","ShrutiS1404"
"GovindDurag","ShrutiS1404"
"Pascallisch","jusoneoftoomany"
"rinder_l","jusoneoftoomany"
"MindProjectLtd","jusoneoftoomany"
"FLacalandra","jusoneoftoomany"
"ZeroInConf","jusoneoftoomany"
"HERmanGODman","jusoneoftoomany"
"Data_Analytic11","jusoneoftoomany"
"nutanix","jusoneoftoomany"
"Resilinc","jusoneoftoomany"
"minghu2010","jusoneoftoomany"
"Meee_Services","jusoneoftoomany"
"BenBrown_22","jusoneoftoomany"
"martintelefont","jusoneoftoomany"
"NIMMLab","jusoneoftoomany"
"VertoeUS","jusoneoftoomany"
"adilson_motter","jusoneoftoomany"
"HansMusgrave","jusoneoftoomany"
"nicholdav","jusoneoftoomany"
"lyeskhalil","jusoneoftoomany"
"Nele_Coghe","jusoneoftoomany"
"sloebman","AstroAhura"
"PurseProjectTX","AstroAhura"
"3BodyProbs","AstroAhura"
"JamesCWid","AstroAhura"
"astrobitesbenny","AstroAhura"
"MinalB_16","AstroAhura"
"UrbanCosmology","AstroAhura"
"BigDataGal","AstroAhura"
"adilson_motter","AstroAhura"
"KumarAGarg","AstroAhura"
"sam_giri","AstroAhura"
"Elisabe58209251","AstroAhura"
"arnauquera","AstroAhura"
"JeremyBlaizot","AstroAhura"
"minimal_arts","AstroAhura"
"arichduvet","AstroAhura"
"jaromrax","AstroAhura"
"Swnk16","AstroAhura"
"kjb_astro","AstroAhura"
"erikakcarlson","AstroAhura"
"jashapiro","irishowley"
"Evuflow","irishowley"
"davidalso","irishowley"
"matteasterday","irishowley"
"sciencemeandyou","irishowley"
"LisaAnomalous","irishowley"
"anselmbradford","irishowley"
"SIG25_EdTheory","irishowley"
"rbrbrbr","irishowley"
"sanyal87","irishowley"
"tom7","irishowley"
"brttaylor","irishowley"
"SurajSurajjipcy","irishowley"
"WaveShineSec","irishowley"
"PoloChau","irishowley"
"brentheeringa","irishowley"
"ianli","irishowley"
"raj_k_darbar","irishowley"
"kn2423","irishowley"
"krismicinski","irishowley"
"Yuhui_Zhao","GTUbicomp"
"PoloChau","GTUbicomp"
"HCI_Research","GTUbicomp"
"greyesgt","GTUbicomp"
"shea_du","GTUbicomp"
"QiuyueXue","GTUbicomp"
"pranav_kundra","GTUbicomp"
"HyeokhyenKwon","GTUbicomp"
"ubihuman","GTUbicomp"
"zhangchengios","GTUbicomp"
"Anandghan_W","GTUbicomp"
"sstn_akg","GTUbicomp"
"datasciencezing","sana_ajani"
"andy_fitze","sana_ajani"
"dgwynn","sana_ajani"
"DalithSteiger","sana_ajani"
"Kyleculus","sana_ajani"
"corey_latislaw","sana_ajani"
"RaminNasibov","sana_ajani"
"VishalMummigatt","sana_ajani"
"thepressfarm","sana_ajani"
"keshav_swarup","sana_ajani"
"THBy9zAD1o6lYec","sana_ajani"
"ItsDLS","sana_ajani"
"MicrosoftSV","sana_ajani"
"proj100women","sana_ajani"
"ManaliD34","sana_ajani"
"snack_ice","sana_ajani"
"anjpatel18","sana_ajani"
"Data_Learningz","sana_ajani"
"Matthew_Owens18","sana_ajani"
"ruthieyakubu","sana_ajani"
"rinder_l","ICatGT"
"ladognome","ICatGT"
"uid0_and_Beyond","ICatGT"
"muntaqa","ICatGT"
"guzdial","ICatGT"
"CSforAllTchrs","ICatGT"
"ubihuman","ICatGT"
"janmorian","ICatGT"
"superboyjazz","ICatGT"
"heycori","ICatGT"
"k_boh","ICatGT"
"suryandev","ICatGT"
"iaashish7","ICatGT"
"gupta_salehha","ICatGT"
"GrubhubTech","ICatGT"
"anirbanakash","ICatGT"
"WomenWhoTech","ICatGT"
"northernlight","ICatGT"
"gautamshetty","ICatGT"
"bhargavbardipur","ICatGT"
"umutkatirci","MatthewGombolay"
"arkadymsokolov","MatthewGombolay"
"DrMaeMSPH","MatthewGombolay"
"wiser_systems","MatthewGombolay"
"andy_fitze","MatthewGombolay"
"iros_2018","MatthewGombolay"
"bll_krtl","MatthewGombolay"
"alexalcocerp","MatthewGombolay"
"MahdiRahmani313","MatthewGombolay"
"GigiLizaH","MatthewGombolay"
"crossslide","MatthewGombolay"
"lisabriercliffe","MatthewGombolay"
"RoboticsAutomat","MatthewGombolay"
"CanViewpoint","MatthewGombolay"
"LoveStats","MatthewGombolay"
"Sarus","MatthewGombolay"
"catPPinto","MatthewGombolay"
"aarshavi21","MatthewGombolay"
"ozbizchick","MatthewGombolay"
"axmed2002","MatthewGombolay"
"ErikHuberman","Sidd691"
"InspowerBooks_","Sidd691"
"VijayTripathi17","Sidd691"
"Analytics_Blogs","Sidd691"
"pandauino","Sidd691"
"guptkhushbu","Sidd691"
"carrotlive_","Sidd691"
"LearnDataSciece","Sidd691"
"BigDataGal","Sidd691"
"gps_2017","Sidd691"
"hire_ai","Sidd691"
"CiscoDevNet","Sidd691"
"USASocialMedia1","Sidd691"
"gowherewolf","Sidd691"
"bluevincent","Sidd691"
"GTCSE","Sidd691"
"PoloChau","Sidd691"
"prakashadvani","Sidd691"
"SPYadav86550850","Sidd691"
"chi2innovations","Sidd691"
"anooopkumar","vrama91"
"gspandana","vrama91"
"cld_greco","vrama91"
"pedrobisp","vrama91"
"xamfy1","vrama91"
"abhshkdz","vrama91"
"panderson_me","vrama91"
"ICatGT","vrama91"
"Taha114041","vrama91"
"pvskand","vrama91"
"piyushbansal93","vrama91"
"heghbalz","vrama91"
"hhm","vrama91"
"machinelearnbot","vrama91"
"pranoykrishnan","vrama91"
"Jay_Bhatt_007","vrama91"
"faizaancharania","vrama91"
"ashimch66682171","vrama91"
"mahesh_goud","vrama91"
"Safar18624249","vrama91"
"Prof_DavidBader","alexandre_palo"
"Minishlink","alexandre_palo"
"duettoapp","alexandre_palo"
"thatmuellerkid","alexandre_palo"
"PoloChau","alexandre_palo"
"TreyHuffine","alexandre_palo"
"_Guillaume_B_","alexandre_palo"
"AskAaronLee","alexandre_palo"
"graphqleu","alexandre_palo"
"Lezarman_","alexandre_palo"
"AM_Alumni","alexandre_palo"
"TychoTa","alexandre_palo"
"blaked_84","alexandre_palo"
"benjaminspak","alexandre_palo"
"Codeanywhere","alexandre_palo"
"FrancoisSutter","alexandre_palo"
"thenetninjauk","alexandre_palo"
"Devendrap360","alexandre_palo"
"kulaginvolmir1","alexandre_palo"
"TheFreeCSGOSkin","alexandre_palo"
"PoloChau","AlexRTerry"
"SandraW25225444","AlexRTerry"
"dream8350","AlexRTerry"
"cyclingman168","AlexRTerry"
"AllRoadRetail","AlexRTerry"
"OutdoorWildness","AlexRTerry"
"AZOutdoorSupply","AlexRTerry"
"_1RaiNbow1","AlexRTerry"
"andrewjmullins","AlexRTerry"
"inthememebrane","AlexRTerry"
"Fivestars_GX","AlexRTerry"
"hotdatajobs","AlexRTerry"
"tasheenka","AlexRTerry"
"littlemissTess8","AlexRTerry"
"EzraPenland","AlexRTerry"
"LoIFunnyHaha","AlexRTerry"
"Prof_DavidBader","GromitC"
"yubowenok","GromitC"
"Data_Science_Ry","GromitC"
"fatfingererr","GromitC"
"mia_mifeng","GromitC"
"jfreirenet","GromitC"
"PoloChau","GromitC"
"hongkonglifetv","GromitC"
"SiruiXie","GromitC"
"oatsandsugar","GromitC"
"lilianchoywl","GromitC"
"AidenTianyuWang","GromitC"
"brkdncr94","GromitC"
"plotlygraphs","GromitC"
"VkoSci","GromitC"
"NeuvooCommNY","GromitC"
"hildaworkshop","GromitC"
"anvitahodekar","GromitC"
"TheMatrixMedia","GromitC"
"samlightstone","GromitC"
"PoloChau","scc_gt"
"powellizer","scc_gt"
"Prof_DavidBader","scc_gt"
"andyfang_dz","scc_gt"
